<?xml version="1.0" encoding="UTF-8"?>
<!DOCTYPE nmaprun>
<?xml-stylesheet href="file:///usr/bin/../share/nmap/nmap.xsl" type="text/xsl"?>
<!-- Nmap 7.93 scan initiated Mon Nov  7 23:59:44 2022 as: nmap -&#45;top-ports=10 -Pn -n -sUV -T3 -e eth0 -oA outfiles/UDP/udp_scan_192.168.3.1 192.168.3.1 -->
<nmaprun scanner="nmap" args="nmap -&#45;top-ports=10 -Pn -n -sUV -T3 -e eth0 -oA outfiles/UDP/udp_scan_192.168.3.1 192.168.3.1" start="1667883584" startstr="Mon Nov  7 23:59:44 2022" version="7.93" xmloutputversion="1.05">
<scaninfo type="udp" protocol="udp" numservices="10" services="53,67,123,135,137-138,161,445,631,1434"/>
<verbose level="0"/>
<debugging level="0"/>
<hosthint><status state="up" reason="arp-response" reason_ttl="0"/>
<address addr="192.168.3.1" addrtype="ipv4"/>
<address addr="0A:00:27:00:00:12" addrtype="mac"/>
<hostnames>
</hostnames>
</hosthint>
<host starttime="1667883586" endtime="1667883694"><status state="up" reason="arp-response" reason_ttl="0"/>
<address addr="192.168.3.1" addrtype="ipv4"/>
<address addr="0A:00:27:00:00:12" addrtype="mac"/>
<hostnames>
</hostnames>
<ports><port protocol="udp" portid="53"><state state="open|filtered" reason="no-response" reason_ttl="0"/><service name="domain" method="table" conf="3"/></port>
<port protocol="udp" portid="67"><state state="open|filtered" reason="no-response" reason_ttl="0"/><service name="dhcps" method="table" conf="3"/></port>
<port protocol="udp" portid="123"><state state="open|filtered" reason="no-response" reason_ttl="0"/><service name="ntp" method="table" conf="3"/></port>
<port protocol="udp" portid="135"><state state="open|filtered" reason="no-response" reason_ttl="0"/><service name="msrpc" method="table" conf="3"/></port>
<port protocol="udp" portid="137"><state state="open" reason="udp-response" reason_ttl="128"/><service name="netbios-ns" product="Unknown netbios-ns" hostname="JOSH" servicefp="SF-Port137-UDP:V=7.93%I=7%D=11/7%Time=6369E249%P=x86_64-pc-linux-gnu%r(NBTStat,79,&quot;\x80\xf0\x84\0\0\0\0\x01\0\0\0\0\x20CKAAAAAAAAAAAAAAAAAAAAAAAAAAAAAA\0\0!\0\x01\0\0\0\0\0A\x01JOSH\x20\x20\x20\x20\x20\x20\x20\x20\x20\x20\x20\x20\x04\0\n\0&apos;\0\0\x12\0\0\0\0\0\0\0\0\0\0\0\0\0\0\0\0\0\0\0\0\0\0\0\0\0\0\0\0\0\0\0\0\0\0\0\0\0\0\0\0&quot;);" method="probed" conf="10"/></port>
<port protocol="udp" portid="138"><state state="open|filtered" reason="no-response" reason_ttl="0"/><service name="netbios-dgm" method="table" conf="3"/></port>
<port protocol="udp" portid="161"><state state="open|filtered" reason="no-response" reason_ttl="0"/><service name="snmp" method="table" conf="3"/></port>
<port protocol="udp" portid="445"><state state="open|filtered" reason="no-response" reason_ttl="0"/><service name="microsoft-ds" method="table" conf="3"/></port>
<port protocol="udp" portid="631"><state state="open|filtered" reason="no-response" reason_ttl="0"/><service name="ipp" method="table" conf="3"/></port>
<port protocol="udp" portid="1434"><state state="open|filtered" reason="no-response" reason_ttl="0"/><service name="ms-sql-m" method="table" conf="3"/></port>
</ports>
<times srtt="252" rttvar="3822" to="100000"/>
</host>
<runstats><finished time="1667883694" timestr="Tue Nov  8 00:01:34 2022" summary="Nmap done at Tue Nov  8 00:01:34 2022; 1 IP address (1 host up) scanned in 110.11 seconds" elapsed="110.11" exit="success"/><hosts up="1" down="0" total="1"/>
</runstats>
</nmaprun>
