2022-10-26-2211,192.168.3.0/24,C,0:00:06
2022-10-26-2211,192.168.3.0/24,C,0:00:06
2022-10-26-2211,192.168.3.0/24,C,0:00:07
2022-10-26-2211,192.168.3.0/24,C,0:00:07
2022-10-26-2211,192.168.3.0/24,C,0:00:07
2022-10-26-2211,192.168.3.0/24,C,0:00:06
2022-10-26-2211,192.168.3.0/24,C,0:00:06
2022-10-26-2212,192.168.3.0/24,C,0:00:07
2022-10-26-2212,192.168.3.0/24,C,0:00:07
2022-10-26-2212,192.168.3.0/24,C,0:00:07
2022-10-26-2212,192.168.3.0/24,C,0:00:06
2022-10-26-2212,192.168.3.0/24,C,0:00:07
2022-10-26-2212,192.168.3.0/24,C,0:00:06
2022-10-26-2212,192.168.3.0/24,C,0:00:06
2022-10-26-2212,192.168.3.0/24,C,0:00:07
2022-10-26-2213,192.168.3.0/24,C,0:00:07
2022-10-26-2213,192.168.3.0/24,C,0:00:07
2022-10-26-2213,192.168.3.0/24,C,0:00:06
2022-10-26-2213,192.168.3.0/24,C,0:00:06
2022-10-26-2213,192.168.3.0/24,C,0:00:06
2022-10-26-2213,192.168.3.0/24,C,0:00:06
2022-10-26-2213,192.168.3.0/24,C,0:00:07
2022-10-26-2213,192.168.3.0/24,C,0:00:07
2022-10-26-2213,192.168.3.0/24,C,0:00:06
2022-10-26-2214,192.168.3.0/24,C,0:00:06
2022-10-26-2214,192.168.3.0/24,C,0:00:06
2022-10-26-2214,192.168.3.0/24,C,0:00:07
2022-10-26-2214,192.168.3.0/24,C,0:00:06
2022-10-26-2214,192.168.3.0/24,C,0:00:07
2022-10-26-2214,192.168.3.0/24,C,0:00:06
2022-10-26-2214,192.168.3.0/24,C,0:00:07
2022-10-26-2214,192.168.3.0/24,C,0:00:06
2022-10-26-2214,192.168.3.0/24,C,0:00:07
2022-10-26-2215,192.168.3.0/24,C,0:00:06
2022-10-26-2215,192.168.3.0/24,C,0:00:06
2022-10-26-2215,192.168.3.0/24,C,0:00:06
2022-10-26-2215,192.168.3.0/24,C,0:00:06
2022-10-26-2215,192.168.3.0/24,C,0:00:06
2022-10-26-2215,192.168.3.0/24,C,0:00:06
2022-10-26-2215,192.168.3.0/24,C,0:00:07
2022-10-26-2215,192.168.3.0/24,C,0:00:06
2022-10-26-2216,192.168.3.0/24,C,0:00:06
2022-10-26-2216,192.168.3.0/24,C,0:00:06
2022-10-26-2216,192.168.3.0/24,C,0:00:06
2022-10-26-2216,192.168.3.0/24,C,0:00:07
2022-10-26-2216,192.168.3.0/24,C,0:00:07
2022-10-26-2216,192.168.3.0/24,C,0:00:06
2022-10-26-2216,192.168.3.0/24,C,0:00:06
2022-10-26-2216,192.168.3.0/24,C,0:00:06
2022-10-26-2216,192.168.3.0/24,C,0:00:06
2022-10-26-2217,192.168.3.0/24,C,0:00:06
2022-10-26-2217,192.168.3.0/24,C,0:00:07
2022-10-26-2217,192.168.3.0/24,C,0:00:06
2022-10-26-2217,192.168.3.0/24,C,0:00:07
2022-10-26-2217,192.168.3.0/24,C,0:00:07
2022-10-26-2217,192.168.3.0/24,C,0:00:07
2022-10-26-2217,192.168.3.0/24,C,0:00:06
2022-10-26-2217,192.168.3.0/24,C,0:00:06
2022-10-26-2217,192.168.3.0/24,C,0:00:06
2022-10-26-2218,192.168.3.0/24,C,0:00:07
2022-10-26-2218,192.168.3.0/24,C,0:00:07
2022-10-26-2218,192.168.3.0/24,C,0:00:06
2022-10-26-2218,192.168.3.0/24,C,0:00:07
2022-10-26-2218,192.168.3.0/24,C,0:00:06
2022-10-26-2218,192.168.3.0/24,C,0:00:06
2022-10-26-2218,192.168.3.0/24,C,0:00:07
2022-10-26-2218,192.168.3.0/24,C,0:00:06
2022-10-26-2218,192.168.3.0/24,C,0:00:06
2022-10-26-2219,192.168.3.0/24,C,0:00:06
2022-10-26-2219,192.168.3.0/24,C,0:00:06
2022-10-26-2219,192.168.3.0/24,C,0:00:06
2022-10-26-2219,192.168.3.0/24,C,0:00:06
2022-10-26-2219,192.168.3.0/24,C,0:00:06
2022-10-26-2219,192.168.3.0/24,C,0:00:07
2022-10-26-2219,192.168.3.0/24,C,0:00:06
2022-10-26-2219,192.168.3.0/24,C,0:00:07
2022-10-26-2220,192.168.3.0/24,C,0:00:07
2022-10-26-2220,192.168.3.0/24,C,0:00:07
2022-10-26-2220,192.168.3.0/24,C,0:00:06
2022-10-26-2220,192.168.3.0/24,C,0:00:06
2022-10-26-2220,192.168.3.0/24,C,0:00:06
2022-10-26-2220,192.168.3.0/24,C,0:00:06
2022-10-26-2220,192.168.3.0/24,C,0:00:06
2022-10-26-2220,192.168.3.0/24,C,0:00:07
2022-10-26-2220,192.168.3.0/24,C,0:00:06
2022-10-26-2221,192.168.3.0/24,C,0:00:06
2022-10-26-2221,192.168.3.0/24,C,0:00:07
2022-10-26-2221,192.168.3.0/24,C,0:00:06
2022-10-26-2221,192.168.3.0/24,C,0:00:06
2022-10-26-2221,192.168.3.0/24,C,0:00:06
2022-10-26-2221,192.168.3.0/24,C,0:00:06
2022-10-26-2221,192.168.3.0/24,C,0:00:06
2022-10-26-2221,192.168.3.0/24,C,0:00:07
2022-10-26-2221,192.168.3.0/24,C,0:00:07
2022-10-26-2222,192.168.3.0/24,C,0:00:07
2022-10-26-2222,192.168.3.0/24,C,0:00:07
2022-10-26-2222,192.168.3.0/24,C,0:00:06
2022-10-26-2222,192.168.3.0/24,C,0:00:06
2022-10-26-2222,192.168.3.0/24,C,0:00:07
2022-10-26-2222,192.168.3.0/24,C,0:00:06
