<?xml version="1.0" encoding="UTF-8"?>
<!DOCTYPE nmaprun>
<?xml-stylesheet href="file:///usr/bin/../share/nmap/nmap.xsl" type="text/xsl"?>
<!-- Nmap 7.93 scan initiated Sun Nov  6 23:52:36 2022 as: nmap -&#45;top-ports=10 -Pn -n -sUV -T3 -e eth0 -oA outfiles/UDP/udp_scan_192.168.3.100 192.168.3.100 -->
<nmaprun scanner="nmap" args="nmap -&#45;top-ports=10 -Pn -n -sUV -T3 -e eth0 -oA outfiles/UDP/udp_scan_192.168.3.100 192.168.3.100" start="1667796756" startstr="Sun Nov  6 23:52:36 2022" version="7.93" xmloutputversion="1.05">
<scaninfo type="udp" protocol="udp" numservices="10" services="53,67,123,135,137-138,161,445,631,1434"/>
<verbose level="0"/>
<debugging level="0"/>
<hosthint><status state="up" reason="arp-response" reason_ttl="0"/>
<address addr="192.168.3.100" addrtype="ipv4"/>
<address addr="08:00:27:A9:BB:F6" addrtype="mac" vendor="Oracle VirtualBox virtual NIC"/>
<hostnames>
</hostnames>
</hosthint>
<host starttime="1667796756" endtime="1667796816"><status state="up" reason="arp-response" reason_ttl="0"/>
<address addr="192.168.3.100" addrtype="ipv4"/>
<address addr="08:00:27:A9:BB:F6" addrtype="mac" vendor="Oracle VirtualBox virtual NIC"/>
<hostnames>
</hostnames>
<ports><port protocol="udp" portid="53"><state state="closed" reason="port-unreach" reason_ttl="64"/><service name="domain" method="table" conf="3"/></port>
<port protocol="udp" portid="67"><state state="closed" reason="port-unreach" reason_ttl="64"/><service name="dhcps" method="table" conf="3"/></port>
<port protocol="udp" portid="123"><state state="open" reason="udp-response" reason_ttl="64"/><service name="ntp" product="NTP" version="v4" extrainfo="unsynchronized" method="probed" conf="10"/></port>
<port protocol="udp" portid="135"><state state="open|filtered" reason="no-response" reason_ttl="0"/><service name="msrpc" method="table" conf="3"/></port>
<port protocol="udp" portid="137"><state state="closed" reason="port-unreach" reason_ttl="64"/><service name="netbios-ns" method="table" conf="3"/></port>
<port protocol="udp" portid="138"><state state="closed" reason="port-unreach" reason_ttl="64"/><service name="netbios-dgm" method="table" conf="3"/></port>
<port protocol="udp" portid="161"><state state="closed" reason="port-unreach" reason_ttl="64"/><service name="snmp" method="table" conf="3"/></port>
<port protocol="udp" portid="445"><state state="closed" reason="port-unreach" reason_ttl="64"/><service name="microsoft-ds" method="table" conf="3"/></port>
<port protocol="udp" portid="631"><state state="closed" reason="port-unreach" reason_ttl="64"/><service name="ipp" method="table" conf="3"/></port>
<port protocol="udp" portid="1434"><state state="closed" reason="port-unreach" reason_ttl="64"/><service name="ms-sql-m" method="table" conf="3"/></port>
</ports>
<times srtt="284" rttvar="387" to="100000"/>
</host>
<runstats><finished time="1667796816" timestr="Sun Nov  6 23:53:36 2022" summary="Nmap done at Sun Nov  6 23:53:36 2022; 1 IP address (1 host up) scanned in 60.01 seconds" elapsed="60.01" exit="success"/><hosts up="1" down="0" total="1"/>
</runstats>
</nmaprun>
