<?xml version="1.0" encoding="UTF-8"?>
<!DOCTYPE nmaprun>
<?xml-stylesheet href="file:///usr/bin/../share/nmap/nmap.xsl" type="text/xsl"?>
<!-- Nmap 7.93 scan initiated Sun Nov  6 23:51:08 2022 as: nmap -&#45;top-ports=100 -Pn -n -sSV -A -T3 -e eth0 -oA outfiles/TCP/tcp_scan_192.168.3.2 192.168.3.2 -->
<nmaprun scanner="nmap" args="nmap -&#45;top-ports=100 -Pn -n -sSV -A -T3 -e eth0 -oA outfiles/TCP/tcp_scan_192.168.3.2 192.168.3.2" start="1667796668" startstr="Sun Nov  6 23:51:08 2022" version="7.93" xmloutputversion="1.05">
<scaninfo type="syn" protocol="tcp" numservices="100" services="7,9,13,21-23,25-26,37,53,79-81,88,106,110-111,113,119,135,139,143-144,179,199,389,427,443-445,465,513-515,543-544,548,554,587,631,646,873,990,993,995,1025-1029,1110,1433,1720,1723,1755,1900,2000-2001,2049,2121,2717,3000,3128,3306,3389,3986,4899,5000,5009,5051,5060,5101,5190,5357,5432,5631,5666,5800,5900,6000-6001,6646,7070,8000,8008-8009,8080-8081,8443,8888,9100,9999-10000,32768,49152-49157"/>
<verbose level="0"/>
<debugging level="0"/>
<hosthint><status state="up" reason="arp-response" reason_ttl="0"/>
<address addr="192.168.3.2" addrtype="ipv4"/>
<address addr="08:00:27:73:F5:58" addrtype="mac" vendor="Oracle VirtualBox virtual NIC"/>
<hostnames>
</hostnames>
</hosthint>
<host starttime="1667796669" endtime="1667796671"><status state="up" reason="arp-response" reason_ttl="0"/>
<address addr="192.168.3.2" addrtype="ipv4"/>
<address addr="08:00:27:73:F5:58" addrtype="mac" vendor="Oracle VirtualBox virtual NIC"/>
<hostnames>
</hostnames>
<ports><extraports state="filtered" count="100">
<extrareasons reason="proto-unreach" count="100" proto="tcp" ports="7,9,13,21-23,25-26,37,53,79-81,88,106,110-111,113,119,135,139,143-144,179,199,389,427,443-445,465,513-515,543-544,548,554,587,631,646,873,990,993,995,1025-1029,1110,1433,1720,1723,1755,1900,2000-2001,2049,2121,2717,3000,3128,3306,3389,3986,4899,5000,5009,5051,5060,5101,5190,5357,5432,5631,5666,5800,5900,6000-6001,6646,7070,8000,8008-8009,8080-8081,8443,8888,9100,9999-10000,32768,49152-49157"/>
</extraports>
</ports>
<os><portused state="closed" proto="udp" portid="41806"/>
</os>
<distance value="1"/>
<trace>
<hop ttl="1" ipaddr="192.168.3.2" rtt="0.16"/>
</trace>
<times srtt="161" rttvar="18" to="100000"/>
</host>
<runstats><finished time="1667796671" timestr="Sun Nov  6 23:51:11 2022" summary="Nmap done at Sun Nov  6 23:51:11 2022; 1 IP address (1 host up) scanned in 3.75 seconds" elapsed="3.75" exit="success"/><hosts up="1" down="0" total="1"/>
</runstats>
</nmaprun>
